{
  "product": {
    "vendor": "Amazing Tech Co.",
    "title": "Super Widget X",
    "price": 49.99,
    "compareAtPrice": 79.99,
    "colors": ["Red", "Blue", "Green"],
    "sizes": ["Small", "Medium", "Large"],
    "description": "Introducing the Super Widget X, the latest innovation in widget technology. With its sleek design and advanced features, the Super Widget X is perfect for any task. Whether you're a professional widget enthusiast or just starting out, the Super Widget X will revolutionize your widget experience."
  }
}